Zeitstempel,Einwilligungserkl√§rung,Geschlecht,Alter,Machst du dir aufgrund des Klimawandels Sorgen?,Willst du etwas zur Energiewende und Klimaschutz beitragen?,"Glaubst du, der Klimawandel hat direkte Auswirkungen auf die Lebensqualit√§t in St√§dten?",Interessierst du dich f√ºr √ñkostrom?,Ist Car-Sharing f√ºr dich interessant?,Welche Erfahrungen hast du mit E-Autos gemacht?,"Wenn du dir ein neues Auto kaufen w√ºrdest, w√§re es ein E-Auto?",Setzt du dich seit dem Ukraine-Krieg mehr mit dem Thema Energie auseinander?,Was braucht mehr Strom? (in Watt),Wie viel Energie steckt in 1L Benzin?,Hast du bereits Erfahrung mit Virtual Reality?,Wie bist du mit der VR-Umgebung zurechtgekommen?,"Wie einfach war es f√ºr dich, klimafreundliche Ma√ünahmen umzusetzen?",Welche Ma√ünahmen hast du in der VR-Umgebung umgesetzt?,Wie realistisch fandest du die VR-Simulation?,"Hat dir die VR-Erfahrung geholfen zu verstehen, welche Ma√ünahmen ergriffen werden k√∂nnen, um die thermischen Bedingungen in St√§dten zu verbessern?","Hat Ihnen die VR-Erfahrung geholfen, die Vorteile dieser Ma√ünahmen zu verstehen?",Nach dem Testen der VR-Simulation w√ºrdest du jetzt eher eine Dachbegr√ºnung anlegen?,"Hat dir die VR-Erfahrung geholfen zu verstehen, wie eine Photovoltaik Anlage genutzt werden kann?","Hat Ihnen die VR-Erfahrung geholfen, die Vorteile einer Photovoltaik Anlage zu verstehen?","Nach dem Testen der VR Simulation, w√ºrdest du jetzt eher eine PV Anlage auf deinem Dach installieren lassen?","Hat die VR-Erfahrung dich inspiriert, dich selbst an der Klimaaktion zu beteiligen?",Was hat dir an dem VR-Erlebnis am besten gefallen?,Was hat dir an dem VR-Erlebnis am wenigsten gefallen?,"Hast du irgendwelche Vorschl√§ge, wie das VR-Erlebnis verbessert werden k√∂nnte?","Wir planen eine M√∂glichkeit, verschiedene Ausrichtungen der Solarpanele (Ost/S√ºd/West) auszuprobieren und daf√ºr die erzeugte Energie zu simulieren. Was h√§ltst du von der Idee?","Kennst du Ma√ünahmen, die St√§dte umsetzen k√∂nnen, um im Sommer die Au√üentemperatur zu senken?","Wie effektiv denkst du, sind diese Ma√ünahmen?"
18.03.2023 15:46:04,"Ich bin damit einverstanden, an der oben beschriebenen Studie teilzunehmen.",weiblich,20 - 29,3,3,5,5,4,Ich besitze ein E-Auto,1,5,Fernseher,100kWh,3,4,4,Photovoltaik Anlage,4,4,5,3,5,5,3,5,,,,,,5
18.03.2023 16:30:23,"Ich bin damit einverstanden, an der oben beschriebenen Studie teilzunehmen.",weiblich,20 - 29,4,4,5,4,1,Ich habe ein E-Auto gefahren,3,2,F√∂hn,10kWh,4,4,5,"Photovoltaik Anlage, Ladestation f√ºr E-Autos, Begr√ºnung des Innenhofes",3,4,3,4,3,4,4,3,Die einfache durchf√ºhrung und verschiedenen Optionen in Operationen,Die Framerate und manchmaliges stocken f√ºr zu schwindelgef√ºhle,"Untersuchung und testung woran die aussetzer in der Bewegung liegen k√∂nnte, w√§re noch gut","Die erzeugte Energie k√∂nnte in verschiedenen Farbst√§rken der gleichen Farbe dargestellt, wo helle schadierung f√ºr wenig strom steht und die dunkle Schadierung f√ºr am meisten produzierten strom ist. Au√üerdem k√∂nnte man auch verschiedene st√∂rfactoren mit einbauen, und deren einfluss mit einbauen","Begr√ºnung der freien Fl√§chen, stra√üen nicht mit schwarzen Asphalt auszustatten, Besondere bel√§ge, die energie aufnehmen k√∂nnen und jene auch efektive weiter leiten k√∂nnen (geplante studie und versuche in einem der Beneluxs l√§nder, wenn ich mich richtig dran erinne",4
18.03.2023 18:32:51,"Ich bin damit einverstanden, an der oben beschriebenen Studie teilzunehmen.",m√§nnlich,unter 20,3,4,5,2,1,,4,4,F√∂hn,100kWh,1,2,3,"Photovoltaik Anlage, Ladestation f√ºr E-Autos, Begr√ºnung des Innenhofes",3,3,3,2,2,3,3,2,,,,,,3
18.03.2023 18:49:44,"Ich bin damit einverstanden, an der oben beschriebenen Studie teilzunehmen.",m√§nnlich,20 - 29,4,4,5,1,1,Ich habe ein E-Auto gefahren,4,3,Fernseher,100kWh,4,4,5,"Photovoltaik Anlage, Ladestation f√ºr E-Autos, Begr√ºnung des Innenhofes",5,5,5,2,3,3,3,2,,,,,,
18.03.2023 18:51:08,"Ich bin damit einverstanden, an der oben beschriebenen Studie teilzunehmen.",m√§nnlich,unter 20,4,4,5,5,3,,5,1,F√∂hn,100kWh,5,5,5,"Photovoltaik Anlage, Ladestation f√ºr E-Autos, Begr√ºnung des Innenhofes",3,5,5,5,4,5,5,5,,,Umsehen ruckelt sehr,üòäüëç,,5
18.03.2023 19:17:00,"Ich bin damit einverstanden, an der oben beschriebenen Studie teilzunehmen.",m√§nnlich,30 - 39,4,5,5,5,5,Ich habe ein E-Auto gefahren,4,4,F√∂hn,10kWh,5,5,5,"Photovoltaik Anlage, Ladestation f√ºr E-Autos, Begr√ºnung des Innenhofes",4,3,3,3,3,3,3,3,war ganz nett,im Vergleich zu professionelleren Spielen wird einem relativ leicht √ºbel,weniger Ruckler,gef√§llt mir gut,ich arbeite daran in meiner Taskforce,5
18.03.2023 21:47:26,"Ich bin damit einverstanden, an der oben beschriebenen Studie teilzunehmen.",weiblich,20 - 29,4,4,4,3,1,,3,2,Fernseher,10kWh,3,4,4,"Photovoltaik Anlage, Ladestation f√ºr E-Autos, Begr√ºnung des Innenhofes",4,5,5,3,2,1,2,2,echten 3d aufnahmen,Schwindelanf√§lle beim Fliegen,,klingt super,B√§ume pflanzen,4
18.03.2023 22:16:10,"Ich bin damit einverstanden, an der oben beschriebenen Studie teilzunehmen.",m√§nnlich,20 - 29,4,4,5,4,2,Ich habe ein E-Auto gefahren,4,3,F√∂hn,3 kWh,2,3,4,"Photovoltaik Anlage, Ladestation f√ºr E-Autos, Begr√ºnung des Innenhofes",3,4,3,4,2,1,2,3,Der Vergleich von Simulation und echter Welt,"die PV Anlage hatte wenig offensichtlichen Nutzen, bei Bewegungen wird einem schwindlig",Die Drehfunktion sollte nicht ein pl√∂tzlicher Sprung sein,"gut, wenn man die Ergebnisse davon ver√∂ffentlicht",B√§ume pflanzen,4
18.03.2023 23:42:32,"Ich bin damit einverstanden, an der oben beschriebenen Studie teilzunehmen.",m√§nnlich,20 - 29,4,3,5,3,2,"Ich habe ein E-Auto gefahren, Ich habe ein E-Auto geladen",2,1,F√∂hn,10kWh,5,5,5,"Photovoltaik Anlage, Ladestation f√ºr E-Autos, Begr√ºnung des Innenhofes",4,4,4,5,4,4,4,4,Thematik,texturen,bessere texturen,cool,emmisionen senken,3
19.03.2023 00:15:37,"Ich bin damit einverstanden, an der oben beschriebenen Studie teilzunehmen.",m√§nnlich,20 - 29,4,5,5,5,3,,5,3,F√∂hn,10kWh,2,3,5,"Photovoltaik Anlage, Ladestation f√ºr E-Autos, Begr√ºnung des Innenhofes",2,2,2,3,1,1,3,2,Vergleich mit der realen Aufnahmen,,,"Gut, schafft mehr tiefe f√ºr die Photovoltaik","Begr√ºnung, Helle farben verwenden, Nebelspr√ºher",4
19.03.2023 00:18:47,"Ich bin damit einverstanden, an der oben beschriebenen Studie teilzunehmen.",m√§nnlich,20 - 29,5,5,5,5,3,,5,1,F√∂hn,3 kWh,2,4,5,"Photovoltaik Anlage, Ladestation f√ºr E-Autos, Begr√ºnung des Innenhofes",5,1,1,5,1,1,5,1,"Begr√ºnen, weil die Auswirkungen am Greifbarsten sichtbar ist.","Photovoltaik und Stromleitungen legen hat nocht wirklich was gezeigt. Klar, Akku wurde gef√ºllt. Aber was sind die Auswirkungen? Wie schnell wurde wie viel Energie erzeugt? (Z.B. Kilometer, die man mit dem Auto dann im Schnitt fahren kann)",Siehe voriger Punkt,H√∂rt sich super an!,"Begr√ºnung, Bodenversiegelung stoppen, weniger Autos/motorisierte Fahrzeuge in St√§dten, Winddurchzug nicht verbauen",5
19.03.2023 00:31:04,"Ich bin damit einverstanden, an der oben beschriebenen Studie teilzunehmen.",m√§nnlich,20 - 29,5,5,5,5,5,"Ich habe ein E-Auto gefahren, Ich habe ein E-Auto geladen",5,5,F√∂hn,100kWh,5,5,5,"Photovoltaik Anlage, Ladestation f√ºr E-Autos, Begr√ºnung des Innenhofes",5,5,5,5,5,5,5,5,,,,,,5
19.03.2023 00:47:56,"Ich bin damit einverstanden, an der oben beschriebenen Studie teilzunehmen.",weiblich,20 - 29,5,5,5,4,4,Ich habe ein E-Auto gefahren,5,5,Fernseher,100kWh,2,4,4,"Photovoltaik Anlage, Ladestation f√ºr E-Autos, Begr√ºnung des Innenhofes",3,3,4,5,3,3,5,2,-eine sehr bekannte Umgebung (in meinem Fall die Nachbarschaft). -Dass reale Aufnahmen von der Drphne eingebaut wurden. -Die Variation der Wiese ist echt gut gelungen. -,"Die Orientierung ist noch ein bisschen gew√∂hnungsbed√ºrftig, weil die Ansicht ""fixed"" ist, wenn man sich zur Seite dreht und kenie 360¬∞ Drehung m√∂glich ist.","Auf der Blumenwiese fehlen noch die summenden Bienen :)
Je nach dem wie aufw√§ndig und ressourcenabh√§ngig es ist: Deko w√§re ganz toll und macht die Umgbung um vieles freundlicher. (Der Raum mit der Erde ist z.B. sehr lieblos gestaltet und ist ein bisschen gruselig.) -vl. mehr Leben integrieren? (Andere Menschen die dann zum E-Auto gehen, laufende Hunde, V√∂gel, bewegte Schatten von vorbeiziehenden Wolken)
-Der Raum mit der Erde br√§uchte eine Beschreibung um was es da geht (sofern er einen Sinn hat). Ich hab mich recht verloren gef√ºhlt. Eine weitere Idee w√§re, dass man die eigenen H√§nde in der VR sehen kann - w√ºrde der Orientierung mit den Werkzeugen helfen, wenn diese nicht so herumschweben, sondern von H√§nden gehalten werden.",Super :D,"Doppelnutzung von B√∂den (z.B. Oben sind Solar Panele, unter ihnen sind Pflanzen die wenig/kaum Licht ben√∂tigen)",3
19.03.2023 15:33:17,"Ich bin damit einverstanden, an der oben beschriebenen Studie teilzunehmen.",weiblich,20 - 29,4,4,4,5,5,,5,2,F√∂hn,10kWh,3,4,5,"Photovoltaik Anlage, Ladestation f√ºr E-Autos, Begr√ºnung des Innenhofes",3,5,4,3,2,3,3,5,"Die Gestaltung des Hofes, die Aufgaben und die Bilder der Umgebung",Motion Sickness durch das Fliegen,,,,
